"Отметка времени","Имя пользователя","Название компании","Суть проекта","Каких результатов вы хотели бы достичь?","К какому типу вы бы отнесли разрабатываемый сайт?","Расскажите о бренде, для которого разрабатывается сайт","Перечислите основные пункты навигационного меню сайта (предварительная структура):","Опишите предварительную структуру всех страниц и что Вы на них видите, что за чем следует:","Какие разделы должны быть на вашем сайте?","Основные требования и пожелания по функционалу сайта:","Навигация по сайту:","Информационные блоки:","Приведите примеры сайтов, которые вам нравятся","Приведите примеры сайтов, которые вам НЕ нравятся:","Настроение и ассоциации, которые должен вызывать дизайн:","Цветовая гамма и насыщенность:","Предпочтения относительно шрифтов:","Наличие фотоматериалов для разработки визуальной концепции:","Использование графики","Насыщенность сайта графикой:","Основные требования и пожелания по концепции дизайна сайта:","Необходима ли анимация?","Наполнение готового сайта информацией"
"2019/07/16 3:19:36 PM GMT+3","klado80@mail.ru","super100k","новый","для продажи товаров с широким ассортиментом.","Интернет-магазин","","","","Публикации новостей;Публикации статей;Фотогалерея;Быстрый поиск по сайту;Интернет-магазин «с корзиной»;Формы обратной связи (заказ звонка);Онлайн-консультации;Текстовые разделы (профиль компании, история, FAQ и так далее);Контактная информация, форма обратной связи, карта","","","","юлмарт, эльдорадо, котофото.","","Позитивный и веселый;Дизайн насыщенный иллюстрациями/фотографиями;На усмотрение дизайнера;упор на функциональность","На усмотрение дизайнера","На усмотрение дизайнера","","Техника;Бытовые предметы;На усмотрение дизайнера","","","","Не требуется"
"2019/07/31 1:34:20 AM GMT+3","pavel.shatyor@gmail.com","AWESOME GROUP","AWESOME GROUP - новый сайт. Но уже с большим портфолио проделанных проектов. сфера ивент-менеджмент / букинг артистов ","узнаваемости бренда / продажа артистов / продажа своего агенства крупным заказчикам","Корпоративный сайт;Информационный сайт","AWESOME GROUP - объединение , сочетающее в себе направления, так или иначе связанные между собой в сфере event. Успешное и амбициозное концертное агенство,  менеджмент избранных артистов , производство идейных проектов. Это лишь часть того, что объединяет и мотивирует наш механизм работать  в режиме постоянной многозадачности,  неугомонного креатива, уверенных стратегий и чётких дедлайнов.","Все направления от AWESOME GROUP : AWESOME Booking&Management / AWESOME Private / AWESOME Event / AWESOME Production / AWESOME Concert + контакты и другие стандартные страницы ","все направления, из описание / портфолио

AWESOME Booking&Management  - Букинг  и менеджмент избранных артистов
  • AWESOME Private - Организация частных мероприятий и закрытых вечеринок
  • AWESOME Event - Организация мероприятий  ""под ключ"" : вечеринки, бизнес-форумы и конференции ,презентации, корпоративные мероприятия, свадьбы.
  • AWESOME Production - Разработка и реализация специальных проектов 
  • AWESOME Concert - Организация концертов  и букинг артистов  на ваше мероприятие","Публикации новостей;Фотогалерея;Формы обратной связи (заказ звонка);Текстовые разделы (профиль компании, история, FAQ и так далее);Контактная информация, форма обратной связи, карта","при наводке мыши на каждый основной кликабельны раздел он выдвигался впереди, как будто всплывая ","обсуждаемо ","информация о направдениях ( разделах ) / портфолио мероприятий , проектов с каждого из них + описание ","totemtm.by / http://doubleyou.by","-","Яркий, броский дизайн;Дизайн насыщенный иллюстрациями/фотографиями;Минималистичный дизайн. Упор на функциональность","Цвета фирменного стиля и любые сочетаемые с ними","На усмотрение дизайнера","Есть (предоставятся заказчиком)","Абстракции;Люди;На усмотрение дизайнера","Средняя","","обсудить","Не требуется"